{"name":"End","sorting":200,"hires":{"tileSize":[32,32],"scale":[1,1],"translate":[2,2]},"lowres":{"tileSize":[500,500],"lodFactor":5,"lodCount":3},"startPos":[0,0],"skyColor":[0.0313725508749485,0.0,0.062745101749897,1.0],"voidColor":[0.0313725508749485,0.0,0.062745101749897,1.0],"ambientLight":0.6}