{"name":"Overworld 29","sorting":28,"hires":{"tileSize":[32,32],"scale":[1,1],"translate":[2,2]},"lowres":{"tileSize":[500,500],"lodFactor":5,"lodCount":3},"startPos":[-224,-96],"skyColor":[0.4901960790157318,0.6705882549285889,1.0,1.0],"voidColor":[0.0,0.0,0.0,1.0],"ambientLight":0.1}