{"name":"Nether","sorting":100,"hires":{"tileSize":[32,32],"scale":[1,1],"translate":[2,2]},"lowres":{"tileSize":[500,500],"lodFactor":5,"lodCount":3},"startPos":[0,0],"skyColor":[0.16078431904315948,0.0,0.0,1.0],"voidColor":[0.08235294371843338,0.0,0.0,1.0],"ambientLight":0.6}